{
  "version": "1.0",
  "truncation": null,
  "padding": null,
  "added_tokens": [
    {
      "id": 0,
      "content": "<|endoftext|>",
      "single_word": false,
      "lstrip": false,
      "rstrip": false,
      "normalized": false,
      "special": true
    }
  ],
  "normalizer": null,
  "pre_tokenizer": {
    "type": "ByteLevel",
    "add_prefix_space": false,
    "trim_offsets": true,
    "use_regex": true
  },
  "post_processor": {
    "type": "ByteLevel",
    "add_prefix_space": true,
    "trim_offsets": true,
    "use_regex": true
  },
  "decoder": {
    "type": "ByteLevel",
    "add_prefix_space": true,
    "trim_offsets": true,
    "use_regex": true
  },
  "model": {
    "type": "BPE",
    "dropout": null,
    "unk_token": null,
    "continuing_subword_prefix": null,
    "end_of_word_suffix": null,
    "fuse_unk": false,
    "vocab": {
      "<|endoftext|>": 0,
      "!": 1,
      "\"": 2,
      "#": 3,
      "$": 4,
      "%": 5,
      "&": 6,
      "'": 7,
      "(": 8,
      ")": 9,
      "*": 10,
      "+": 11,
      ",": 12,
      "-": 13,
      ".": 14,
      "/": 15,
      "0": 16,
      "1": 17,
      "2": 18,
      "3": 19,
      "4": 20,
      "5": 21,
      "6": 22,
      "7": 23,
      "8": 24,
      "9": 25,
      ":": 26,
      ";": 27,
      "<": 28,
      "=": 29,
      ">": 30,
      "?": 31,
      "@": 32,
      "A": 33,
      "B": 34,
      "C": 35,
      "D": 36,
      "E": 37,
      "F": 38,
      "G": 39,
      "H": 40,
      "I": 41,
      "J": 42,
      "K": 43,
      "L": 44,
      "M": 45,
      "N": 46,
      "O": 47,
      "P": 48,
      "Q": 49,
      "R": 50,
      "S": 51,
      "T": 52,
      "U": 53,
      "V": 54,
      "W": 55,
      "X": 56,
      "Y": 57,
      "Z": 58,
      "[": 59,
      "\\": 60,
      "]": 61,
      "^": 62,
      "_": 63,
      "`": 64,
      "a": 65,
      "b": 66,
      "c": 67,
      "d": 68,
      "e": 69,
      "f": 70,
      "g": 71,
      "h": 72,
      "i": 73,
      "j": 74,
      "k": 75,
      "l": 76,
      "m": 77,
      "n": 78,
      "o": 79,
      "p": 80,
      "q": 81,
      "r": 82,
      "s": 83,
      "t": 84,
      "u": 85,
      "v": 86,
      "w": 87,
      "x": 88,
      "y": 89,
      "z": 90,
      "{": 91,
      "|": 92,
      "}": 93,
      "~": 94,
      "¡": 95,
      "¢": 96,
      "£": 97,
      "¤": 98,
      "¥": 99,
      "¦": 100,
      "§": 101,
      "¨": 102,
      "©": 103,
      "ª": 104,
      "«": 105,
      "¬": 106,
      "®": 107,
      "¯": 108,
      "°": 109,
      "±": 110,
      "²": 111,
      "³": 112,
      "´": 113,
      "µ": 114,
      "¶": 115,
      "·": 116,
      "¸": 117,
      "¹": 118,
      "º": 119,
      "»": 120,
      "¼": 121,
      "½": 122,
      "¾": 123,
      "¿": 124,
      "À": 125,
      "Á": 126,
      "Â": 127,
      "Ã": 128,
      "Ä": 129,
      "Å": 130,
      "Æ": 131,
      "Ç": 132,
      "È": 133,
      "É": 134,
      "Ê": 135,
      "Ë": 136,
      "Ì": 137,
      "Í": 138,
      "Î": 139,
      "Ï": 140,
      "Ð": 141,
      "Ñ": 142,
      "Ò": 143,
      "Ó": 144,
      "Ô": 145,
      "Õ": 146,
      "Ö": 147,
      "×": 148,
      "Ø": 149,
      "Ù": 150,
      "Ú": 151,
      "Û": 152,
      "Ü": 153,
      "Ý": 154,
      "Þ": 155,
      "ß": 156,
      "à": 157,
      "á": 158,
      "â": 159,
      "ã": 160,
      "ä": 161,
      "å": 162,
      "æ": 163,
      "ç": 164,
      "è": 165,
      "é": 166,
      "ê": 167,
      "ë": 168,
      "ì": 169,
      "í": 170,
      "î": 171,
      "ï": 172,
      "ð": 173,
      "ñ": 174,
      "ò": 175,
      "ó": 176,
      "ô": 177,
      "õ": 178,
      "ö": 179,
      "÷": 180,
      "ø": 181,
      "ù": 182,
      "ú": 183,
      "û": 184,
      "ü": 185,
      "ý": 186,
      "þ": 187,
      "ÿ": 188,
      "Ā": 189,
      "ā": 190,
      "Ă": 191,
      "ă": 192,
      "Ą": 193,
      "ą": 194,
      "Ć": 195,
      "ć": 196,
      "Ĉ": 197,
      "ĉ": 198,
      "Ċ": 199,
      "ċ": 200,
      "Č": 201,
      "č": 202,
      "Ď": 203,
      "ď": 204,
      "Đ": 205,
      "đ": 206,
      "Ē": 207,
      "ē": 208,
      "Ĕ": 209,
      "ĕ": 210,
      "Ė": 211,
      "ė": 212,
      "Ę": 213,
      "ę": 214,
      "Ě": 215,
      "ě": 216,
      "Ĝ": 217,
      "ĝ": 218,
      "Ğ": 219,
      "ğ": 220,
      "Ġ": 221,
      "ġ": 222,
      "Ģ": 223,
      "ģ": 224,
      "Ĥ": 225,
      "ĥ": 226,
      "Ħ": 227,
      "ħ": 228,
      "Ĩ": 229,
      "ĩ": 230,
      "Ī": 231,
      "ī": 232,
      "Ĭ": 233,
      "ĭ": 234,
      "Į": 235,
      "į": 236,
      "İ": 237,
      "ı": 238,
      "Ĳ": 239,
      "ĳ": 240,
      "Ĵ": 241,
      "ĵ": 242,
      "Ķ": 243,
      "ķ": 244,
      "ĸ": 245,
      "Ĺ": 246,
      "ĺ": 247,
      "Ļ": 248,
      "ļ": 249,
      "Ľ": 250,
      "ľ": 251,
      "Ŀ": 252,
      "ŀ": 253,
      "Ł": 254,
      "ł": 255,
      "Ń": 256,
      "ĠÐ": 257,
      "Ð¾": 258,
      "Ð°": 259,
      "Ðµ": 260,
      "ÑĤ": 261,
      "Ð¸": 262,
      "Ñģ": 263,
      "Ð¾Ð": 264,
      "Ð½": 265,
      "ÑĢ": 266,
      "Ð»": 267,
      "Ñĥ": 268,
      "Ð°Ð": 269,
      "Ñı": 270,
      "ÐµÐ": 271,
      "ÑĮ": 272,
      "Ñĭ": 273,
      "ĠÐ¿": 274,
      "Ðº": 275,
      "ĠÐ½": 276,
      "ĠÑģ": 277,
      "Ñĩ": 278,
      "ĠÐ²": 279,
      "Âł": 280,
      "Ð²": 281,
      "Ð´": 282,
      "âĢ": 283,
      "ĠÐ¾": 284,
      "Ð¼": 285,
      "âĢĵ": 286,
      "ÑĤÐ¾": 287,
      "Ð°Ð»": 288,
      "ĠÐ¸": 289,
      "ÑĪ": 290,
      "ÑģÑĤ": 291,
      "ĠÐº": 292,
      "Ð¾Ð²": 293,
      "ÐµÐ½": 294,
      "Ñħ": 295,
      "ĠÐ´": 296,
      "ÐµÑĢ": 297,
      "ĠÑĤ": 298,
      "Ð¾Ð»": 299,
      "ĠÐ¼": 300,
      "Ð¾Ð¼": 301,
      "ÐµÐ»": 302,
      "Ð¸Ð»": 303,
      "ÐµÑĤ": 304,
      "Ð¿": 305,
      "ĠÐ±": 306,
      "Ð½Ð¾": 307,
      "Ñİ": 308,
      "³Ð¾": 309,
      "ĠÐ¿ÑĢ": 310,
      "Ð°ÑĤ": 311,
      "ĠÐ·": 312,
      "Ð°Ðº": 313,
      "ĠÐ½Ðµ": 314,
      "ĠÑĩ": 315,
      "Ð¾Ð´": 316,
      "ĠÑĥ": 317,
      "Ð±": 318,
      "Ð¸ÑĤ": 319,
      "Ð·": 320,
      "Ð¾Ð¹": 321,
      "ĠÑĢ": 322,
      "ÑģÑı": 323,
      "Ð°Ñģ": 324,
      "Ð°Ð½": 325,
      "Ð¾Ñģ": 326,
      "Ð¸Ð½": 327,
      "ĠÐ½Ð°": 328,
      "ÐµÐ¼": 329,
      "Ð¾ÑĢ": 330,
      "Ð°Ð·": 331,
      "Ð°Ð¼": 332,
      "Ð¾ÑĤ": 333,
      "Ð¶": 334,
      "Ð¹": 335,
      "Ð³": 336,
      "ÑĨ": 337,
      "Ð¾Ð½": 338,
      "ĠÐµ": 339,
      "Ð°Ð²": 340,
      "Ñī": 341,
      "ÐµÐ´": 342,
      "Ð½Ð°": 343,
      "Ð½Ñĭ": 344,
      "Ð°ÑĢ": 345,
      "Ð»Ð¸": 346,
      "Ð½Ð¸": 347,
      "ĠÑ": 348,
      "Ð°ÑĤÑĮ": 349,
      "Ð¾Ð±": 350,
      "Ð¾Ð³": 351,
      "ĠÑĩÑĤÐ¾": 352,
      "ĠÐ³": 353,
      "Ð¸Ð²": 354,
      "ĠÐ±Ñĭ": 355,
      "Ð½Ñĥ": 356,
      "ĠÐ»": 357,
      "Ð¾Ð¶": 358,
      "ĠÐ¾ÑĤ": 359,
      "Ð°Ð´": 360,
      "ÐºÐ¸": 361,
      "ÐµÐ¹": 362,
      "ÐµÑģ": 363,
      "Ð¾Ð³Ð¾": 364,
      "ÐºÐ°": 365,
      "ĠÑį": 366,
      "Ð¸Ð¼": 367,
      "ÐµÐ²": 368,
      "Ð¾Ðº": 369,
      "ĠÐ¿Ð¾": 370,
      "ÑĢÑĥ": 371,
      "ĠÐ¶": 372,
      "ĠÑı": 373,
      "Ð»Ð°": 374,
      "Ð¸Ñģ": 375,
      "ĠÐĴ": 376,
      "Ð¾Ð»ÑĮ": 377,
      "ĠÐĿ": 378,
      "ĠÐ²Ñĭ": 379,
      "Ð°Ð»Ð°": 380,
      "Ð´Ð°": 381,
      "ĠÑģÑĤ": 382,
      "ÐµÐ½Ð¸": 383,
      "ÑĤÐ¾ÑĢ": 384,
      "ĠÐ°": 385,
      "ÐµÐº": 386,
      "ĠÐ²Ñģ": 387,
      "Ð¸Ðº": 388,
      "Ð¸ÑĤÑĮ": 389,
      "ĠÐºÐ°Ðº": 390,
      "Ð°Ñı": 391,
      "ÑģÑĤÐ²": 392,
      "ÐµÐ·": 393,
      "ĠÐ¿Ð¾Ð´": 394,
      "Ð¾Ð·": 395,
      "Ð¸Ð´": 396,
      "ĠÐ¾Ð±": 397,
      "ÐµÐ±": 398,
      "ĠÐŁ": 399,
      "ÐºÐ¾": 400,
      "Ð»Ñı": 401,
      "Ð°ÑģÑĮ": 402,
      "ÐºÑĥ": 403,
      "Ð¸Ñĩ": 404,
      "ÐµÐ³Ð¾": 405,
      "ĠÐ¡": 406,
      "ĠÑħ": 407,
      "Ð°Ð¶": 408,
      "Ð³Ð¾": 409,
      "ĠÐĲ": 410,
      "ÐµÐ»ÑĮ": 411,
      "ĠÐŀ": 412,
      "Ð¾Ñĩ": 413,
      "Ð¸Ð»Ð°": 414,
      "ÑıÑĤ": 415,
      "ÑĥÑĤ": 416,
      "ĠÐļ": 417,
      "âĢ¦": 418,
      "ĠÑģÐ²": 419,
      "Ð°Ð±": 420,
      "Ð½Ðµ": 421,
      "ĠÐ¸Ð·": 422,
      "Ð¾Ð¿": 423,
      "ĠÐĺ": 424,
      "ĠÐľ": 425,
      "ĠÐ·Ð°": 426,
      "Ð»Ð¾": 427,
      "ĠÑĤÐ°Ðº": 428,
      "ĠÐ¾Ð½": 429,
      "ÑĢÐ°": 430,
      "ĠÑģÐ»": 431,
      "Ð¸Ñħ": 432,
      "ÑĦ": 433,
      "ÑĥÐ´": 434,
      "ÐµÑĩ": 435,
      "ÐµÑĪ": 436,
      "ĠÑĢÐ°Ð·": 437,
      "ÐµÑģÑĤ": 438,
      "ĠÐ¢": 439,
      "ÑģÐº": 440,
      "ĠÑįÑĤÐ¾": 441,
      "Ð°Ð¿": 442,
      "Ð½Ð¾Ð¹": 443,
      "ĠâĢĵ": 444,
      "Ð¿ÑĢ": 445,
      "ÐµÐ¿": 446,
      "Ð°Ð¹": 447,
      "Ð¸ÑĢ": 448,
      "ÑĥÐ¼": 449,
      "ĠÑģÐº": 450,
      "Ð°Ð»ÑĮ": 451,
      "Ð°Ð»Ð¸": 452,
      "Ð°Ð¼Ð¸": 453,
      "ÑĭÐ²": 454,
      "ÐµÐ½ÑĮ": 455,
      "ÑĥÐ¶": 456,
      "ÐĿ": 457,
      "Ð¸Ðµ": 458,
      "Ð½ÑĭÐ¹": 459,
      "Ð¾ÑģÑĤ": 460,
      "Ð¸Ð·": 461,
      "ĠÐµÐ³Ð¾": 462,
      "ĠÐ²ÑģÐµ": 463,
      "ĠÐ¿ÐµÑĢ": 464,
      "Â«": 465,
      "Â»": 466,
      "ĠÑįÑĤ": 467,
      "ÐµÐ³": 468,
      "ÑīÐµ": 469,
      "ÑĥÑĩ": 470,
      "Ð½Ð¾Ð³Ð¾": 471,
      "ĠÐ¾Ð½Ð°": 472,
      "ĠÐĶ": 473,
      "Ð½ÑĥÐ»": 474,
      "ÐµÐ¶": 475,
      "ĠÐºÐ¾": 476,
      "Ð¸ÑģÑĮ": 477,
      "Ð¾Ð»ÑĮÐºÐ¾": 478,
      "Ð°Ñİ": 479,
      "Ð¸Ð¹": 480,
      "Ð°ÐµÑĤ": 481,
      "ĠÐ¿Ð¾Ð»": 482,
      "Ð¸Ñı": 483,
      "ÐµÐ½Ñı": 484,
      "Ð¾ÑĪ": 485,
      "ĠÑĪ": 486,
      "ÑĥÑĢ": 487,
      "ĠÐ¿Ð¾Ñģ": 488,
      "ÑģÑĤÑĮ": 489,
      "ĠÂ«": 490,
      "ÑĭÐ¹": 491,
      "ĠÐ¿ÑĢÐ¸": 492,
      "Ð¾Ð³Ð´Ð°": 493,
      "Ð½ÑĭÐ¼": 494,
      "Ð¾ÑģÑĮ": 495,
      "ÐĴ": 496,
      "ÐµÐ½Ð½Ð¾": 497,
      "Ð°ÑĪ": 498,
      "ĠÐ½Ð¾": 499,
      "ÑĢÑĥÐ³": 500,
      "Ð¾Ð¼Ñĥ": 501,
      "Ñĳ": 502,
      "ÑĥÑĪ": 503,
      "ĠÑĤÐ¾": 504,
      "Ð¸ÑĨ": 505,
      "Ð¶Ðµ": 506,
      "Ð¸Ð½Ð°": 507,
      "ĠÐ¶Ðµ": 508,
      "ĠÐ´Ð²": 509,
      "Ð½ÑĭÐµ": 510,
      "ĠÐ¾Ð´": 511,
      "ĠÑģÐ²Ð¾": 512,
      "ĠÐºÑĢ": 513,
      "Ð°Ð³": 514,
      "ÐŁ": 515,
      "ÑĥÑİ": 516,
      "ÑģÑĤÑĢ": 517,
      "ĠÐµÐµ": 518,
      "Ð¾Ð²Ð¾ÑĢ": 519,
      "ĠÑģÐ¿": 520,
      "Ðŀ": 521,
      "ĠÑĢÐ°Ñģ": 522,
      "ĠÐ±ÑĭÐ»Ð¾": 523,
      "ĠÐ¼ÐµÐ½Ñı": 524,
      "ÐµÐ»Ð°": 525,
      "ĠÐ¯": 526,
      "ĠÐĽ": 527,
      "ÑħÐ¾Ð´": 528,
      "Ð°Ð»ÑģÑı": 529,
      "Ð½Ñı": 530,
      "ĠÑģÐ°Ð¼": 531,
      "ÑĤÑĮ": 532,
      "ĠÐ³Ð¾": 533,
      "ÐĲ": 534,
      "ÑģÑĮ": 535,
      "ĠÐºÐ¾ÑĤÐ¾ÑĢ": 536,
      "ĠÐ¿ÑĢÐ¾": 537,
      "ÑĭÐ¼": 538,
      "Ð¸Ð»ÑģÑı": 539,
      "ĠÐĵ": 540,
      "Ð¸Ð»Ð¸": 541,
      "ÑĪÐµ": 542,
      "Ð¡": 543,
      "ĠÑĦ": 544,
      "ÐĶ": 545,
      "ĠÑĤÑĭ": 546,
      "Ð°Ñħ": 547,
      "ÑĥÐ¿": 548,
      "ÐµÐ½Ð¸Ñı": 549,
      "ÑĢÐ¸": 550,
      "Ð½Ð°Ñı": 551,
      "Ð½Ð¸Ðº": 552,
      "ĠÐ¼Ð½Ðµ": 553,
      "ĠÐ²Ð·": 554,
      "Ð¾Ðµ": 555,
      "Ð¸Ð¸": 556,
      "ĠÑĢÑĥ": 557,
      "Ð¢": 558,
      "ĠÑģÐ¼": 559,
      "ÐµÐ½ÑĤ": 560,
      "ĠÐ¿Ð¾ÑĤ": 561,
      "ÐµÐ½Ð¸Ðµ": 562,
      "Ðļ": 563,
      "ÐµÐ±Ñı": 564,
      "ÑģÐ¿": 565,
      "Ð¾Ð²Ð°": 566,
      "ÑĭÐµ": 567,
      "ĠÐ³Ð»": 568,
      "Ð½Ð¾Ðµ": 569,
      "ĠÐ¿Ð¾Ðº": 570,
      "Ð¸ÑĤÐµÐ»ÑĮ": 571,
      "Ð½ÑĭÑħ": 572,
      "ÑĤÐ¸": 573,
      "ÑģÐ»Ð¸": 574,
      "Ð°Ð»Ð°ÑģÑĮ": 575,
      "ĠÐ»Ñİ": 576,
      "ÐºÐµ": 577,
      "ÑģÑĤÐ°Ð²": 578,
      "ÑĢÐµÐ¼": 579,
      "ÐµÑĢÑĮ": 580,
      "Ð¸Ð»Ð°ÑģÑĮ": 581,
      "ÐµÐ¼Ñĥ": 582,
      "ÐµÑĪÑĮ": 583,
      "ĠÑģÐºÐ°Ð·": 584,
      "ĠÐ¿ÑĢÐµÐ´": 585,
      "ĠÐķ": 586,
      "ÑĢÐ¾Ñģ": 587,
      "ĠÑĥÐ¶Ðµ": 588,
      "ĠÐĳ": 589,
      "Ð»Ñİ": 590,
      "ĠÐ³Ð¾Ð»": 591,
      "ÑĭÑħ": 592,
      "Ð´Ðµ": 593,
      "ĠÐ±ÑĥÐ´": 594,
      "Ð¸ÑĪ": 595,
      "ĠÐ´ÐµÐ»": 596,
      "ĠÐµÑīÐµ": 597,
      "ĠÐł": 598,
      "Ð²ÐµÑĤ": 599,
      "Ð¾Ð±Ñĭ": 600,
      "Ð°ÑĤÑĮÑģÑı": 601,
      "ÐºÐ¾Ð¹": 602,
      "ÐµÐ±Ðµ": 603,
      "ĠÐ¸Ð¼": 604,
      "ÑĢÐ°Ð½": 605,
      "ĠÐ¼Ñĭ": 606,
      "Ð»ÑĮ": 607,
      "ĠÑģÐ¾": 608,
      "ĠÐ¼Ð¾Ð¶": 609,
      "Ð¼Ñĥ": 610,
      "ĠÐ¿Ð¾Ð½": 611,
      "Ðľ": 612,
      "ÑĢÐ°Ð·": 613,
      "ÑıÑĤÑĮ": 614,
      "ĠÑĤÐ¾Ð»ÑĮÐºÐ¾": 615,
      "Ð½ÑĥÑİ": 616,
      "ÑĢÑı": 617,
      "ĠÐĿÐ¾": 618,
      "ÑĢÑĭ": 619,
      "ĠÐ±ÑĭÐ»": 620,
      "ĠÐºÐ¾Ð½": 621,
      "ĠÐĹ": 622,
      "ĠÐ²Ð¾Ð·": 623,
      "Ðĺ": 624,
      "Ð»Ðµ": 625,
      "ÑģÐºÐ¸": 626,
      "Ð°Ð±Ð¾ÑĤ": 627,
      "ĠÐ¾Ðº": 628,
      "ĠÐ²Ð¸Ð´": 629,
      "ĠÐ½Ð°Ð´": 630,
      "ÑģÑĤÐ¸": 631,
      "ÑıÐ»": 632,
      "ÑĢÐ°Ð²": 633,
      "ÑĥÐ±": 634,
      "ĠÑģÐ¾Ð±": 635,
      "Ð°Ð¶Ðµ": 636,
      "ĠÐ¿Ð¾Ð¼": 637,
      "ÐµÐ»Ð¸": 638,
      "Ð¯": 639,
      "ĠÐ½Ð¸Ðº": 640,
      "Ð¸Ð½Ñĥ": 641,
      "ĠÐ¾Ñĩ": 642,
      "ĠÑĨ": 643,
      "Ð²ÐµÑĢ": 644,
      "ÐµÑģÑĮ": 645,
      "Ð½ÑĥÐ»Ð°": 646,
      "ÐµÑĤÑģÑı": 647,
      "ĠÐ±Ð¾Ð»ÑĮ": 648,
      "ĠÐ¿Ð»": 649,
      "ÐµÑħ": 650,
      "ĠÐ·Ð½Ð°": 651,
      "ĠÑħÐ¾ÑĤ": 652,
      "ÐºÐ¾Ð²": 653,
      "ÑģÐ»": 654,
      "ĠÐ¼Ð¾Ð³": 655,
      "ĠÐ´Ð¾Ð¼": 656,
      "ÐµÑĨ": 657,
      "Ð¾ÑĤÑĢ": 658,
      "ÑĭÑĪ": 659,
      "ĠÑĥÐ´": 660,
      "Ñį": 661,
      "ÑĤÐ¾Ð±Ñĭ": 662,
      "ĠÐ½Ð°Ñģ": 663,
      "Ð¸Ð»ÑĮ": 664,
      "ĠÐ¾Ð¿": 665,
      "ĠÐ¶ÐµÐ½": 666,
      "Ð°ÑĤÐµÐ»ÑĮ": 667,
      "ĠÐ´ÑĢÑĥÐ³": 668,
      "ĠÐ£": 669,
      "ĠÐ½Ð°Ð¿": 670,
      "Ð°Ð»Ð¾": 671,
      "ÑĤÐµÑĢ": 672,
      "ĠÐ¸Ð½": 673,
      "ÑĥÑħ": 674,
      "ĠÑĤÑĢ": 675,
      "Ð³Ð»Ñı": 676,
      "Ð°ÑģÑĤ": 677,
      "ĠÐŃ": 678,
      "ĠÐ·Ð°Ð¼": 679,
      "ĠÐ´Ð¾": 680,
      "ĠÐ¿ÑĢÐ¾Ñģ": 681,
      "ĠÐ²ÑĢÐµÐ¼": 682,
      "ĠÐ¼Ð¾": 683,
      "ĠÐŀÐ½": 684,
      "ÐµÐ»Ð¾Ð²": 685,
      "ĠÐ§": 686,
      "ĠÐºÐ¾Ð³Ð´Ð°": 687,
      "ĠÐ½Ð¸": 688,
      "Ð´ÐµÐ»": 689,
      "ĠÑĩÑĤÐ¾Ð±Ñĭ": 690,
      "ĠÐ±ÐµÐ·": 691,
      "ĠÐ¾Ñģ": 692,
      "ĠÐ¼ÑĥÐ¶": 693,
      "Ð¾Ð²ÐµÑĢ": 694,
      "Ð°Ñĩ": 695,
      "Ð¼Ð¸": 696,
      "Ð½Ð¾Ð¼": 697,
      "ĠÐ´Ð»Ñı": 698,
      "ÑĢÐ¾Ð´": 699,
      "ĠÐ²Ð¾": 700,
      "Ð¸ÑĤÐµ": 701,
      "ĠÐ·Ð°Ðº": 702,
      "ĠÐ±ÑĭÐ»Ð°": 703,
      "Ð°Ð»Ð¾ÑģÑĮ": 704,
      "ÐµÐµ": 705,
      "ĠÐ»ÑİÐ±": 706,
      "Ð¾Ð¼Ð½": 707,
      "ĠÐ¾Ð½Ð¸": 708,
      "ĠÑģÐ¿ÑĢ": 709,
      "ÑģÐµ": 710,
      "ĠÐ²ÐµÑĢ": 711,
      "Ð¾Ð¶Ðµ": 712,
      "ĠÐ·Ð½": 713,
      "ĠÑĩÐµÑĢ": 714,
      "Ð°Ð½Ð¾Ð²": 715,
      "Ð¸ÑĤÑĮÑģÑı": 716,
      "ĠÐ½Ð°Ñĩ": 717,
      "Ð¸Ð·Ð½": 718,
      "ĠÐ¿Ð¾Ð¿": 719,
      "ĠÐ´Ð°Ð¶Ðµ": 720,
      "ĠÐ¿Ð¾Ñĩ": 721,
      "Ð¾Ð»Ð¶": 722,
      "ÐµÑĤÑĮ": 723,
      "ÑĢÐ¾Ð²": 724,
      "ĠÐ´ÐµÐ²": 725,
      "ĠÐ¿Ð¾ÑĢ": 726,
      "ĠÐ³Ð¾Ð²Ð¾ÑĢ": 727,
      "ĠÐµÐ¼Ñĥ": 728,
      "ĠÐ³Ð»Ð°Ð·": 729,
      "ÑĬ": 730,
      "Ð½Ð¾Ð²": 731,
      "Ð¸ÑģÑĤ": 732,
      "ĠÐ¸Ñħ": 733,
      "Ð½Ð¸Ð¼": 734,
      "ĠÐ¸Ð»Ð¸": 735,
      "ÑĩÐ°Ñģ": 736,
      "ĠÑĥÐ±": 737,
      "ĠÑĢÐ°Ð±Ð¾ÑĤ": 738,
      "Ð¸Ñİ": 739,
      "Ð¾Ñħ": 740,
      "Ð´Ñĥ": 741,
      "ÑĩÐ¸ÑĤ": 742,
      "ĠÐµÑģÐ»Ð¸": 743,
      "ÐºÐ¾Ð¼": 744,
      "Ð²Ð¾": 745,
      "Ð°Ð»Ð¸ÑģÑĮ": 746,
      "ĠÐ·Ð°Ð¿": 747,
      "ÑĤÐ¾Ñı": 748,
      "ÑĭÑĤ": 749,
      "Ð½Ð¸ÑĨ": 750,
      "Ð¸ÑĩÐµÐ³Ð¾": 751,
      "ÑĢÐ°ÑĤ": 752,
      "Ð»Ð°Ð´": 753,
      "ĠÐ¿Ð°ÑĢ": 754,
      "ĠÐ¿Ð¾Ð·": 755,
      "ÑĤÐµ": 756,
      "ĠÑĩÐµÐ»Ð¾Ð²": 757,
      "ĠÐ¾ÑĤÐº": 758,
      "Ð»ÐµÐ´": 759,
      "ĠÐ½Ð°ÑĪ": 760,
      "ÑĥÑģÑĤ": 761,
      "Ð»ÐµÐ½": 762,
      "ÑĤÑĢ": 763,
      "ĠÐ»Ð¸": 764,
      "ĠÑģÐµÐ±Ñı": 765,
      "ÐµÑĢÐ¶": 766,
      "ĠÑĩÐµÐ¼": 767,
      "ĠÐ¾ÑģÑĤ": 768,
      "ÐµÑĢÐ°": 769,
      "ĠÐ½ÐµÑĤ": 770,
      "ÐµÐ¹ÑĩÐ°Ñģ": 771,
      "Ð¾ÑĢÐ¾ÑĪ": 772,
      "ÑĥÐ´Ð°": 773,
      "Â».": 774,
      "ÐµÑĤÐµ": 775,
      "Ð°ÑİÑĤ": 776,
      "Ð»ÐµÐº": 777,
      "Ð¸ÑĪÑĮ": 778,
      "Ð°Ð½Ð¸Ñı": 779,
      "Ð¿Ð¾Ð»": 780,
      "ĠÑģÑĤÐ°ÑĢ": 781,
      "ĠÐ·Ð´": 782,
      "ĠÐĿÐµ": 783,
      "ĠÑĩÐµÐ»Ð¾Ð²ÐµÐº": 784,
      "Ð¸Ð½Ñĭ": 785,
      "ÑĥÑģ": 786,
      "Ð°Ð½Ð¸Ðµ": 787,
      "ĠÐµÐ¹": 788,
      "ĠÐ¾ÑĩÐµÐ½ÑĮ": 789,
      "ÐµÑī": 790,
      "ĠÐºÑĤÐ¾": 791,
      "Ð¸ÑĩÐµÑģ": 792,
      "Ðł": 793,
      "ĠÐ¼Ð¾Ð»": 794,
      "ĠÑĤÐ°Ð¼": 795,
      "Ð°ÑĢÑĤ": 796,
      "ĠÐ·Ð°Ð²": 797,
      "Ð¸Ð³": 798,
      "Ð°ÐµÑĤÑģÑı": 799,
      "ĠÐ¾ÑĤÐ²ÐµÑĤ": 800,
      "ĠÑģÐ¿ÑĢÐ¾Ñģ": 801,
      "ĠÐ³Ð¾Ð»Ð¾Ð²": 802,
      "ĠÐ½ÐµÐ³Ð¾": 803,
      "Ð¸ÑĤÑģÑı": 804,
      "Ð½ÑĭÐ¼Ð¸": 805,
      "ÑģÑĤÐ²Ð¾": 806,
      "ÑıÐ´": 807,
      "ĠÑĤÐµÐ»": 808,
      "Ð¸ÑĢÐ¾Ð²": 809,
      "ĠÐ¿Ð¾Ð²": 810,
      "ĠÐºÐ¾ÑĢ": 811,
      "ĠÑĤÑĥÑĤ": 812,
      "Ð½Ð¾ÑģÑĤÑĮ": 813,
      "ĠÐµÑģÑĤÑĮ": 814,
      "ĠÐ³Ð´Ðµ": 815,
      "ÑģÑĤÐ²ÐµÐ½": 816,
      "ÑĮÑİ": 817,
      "ĠÐŀÐ½Ð°": 818,
      "Ð»Ñĭ": 819,
      "ĠÐ½Ð¸ÑĩÐµÐ³Ð¾": 820,
      "ÑĥÐ²": 821,
      "ĠÐ²ÑĢÐµÐ¼Ñı": 822,
      "Ðĵ": 823,
      "Ð³Ð»ÑıÐ´": 824,
      "ÐĶÐ°": 825,
      "ĠÑģÐ»ÑĥÑĩ": 826,
      "ĠÑĢÐµÑĪ": 827,
      "Ð§": 828,
      "ĠÑģÐ»ÐµÐ´": 829,
      "ĠÐľÐ°ÑĢ": 830,
      "Ð¸Ð»Ð¾ÑģÑĮ": 831,
      "Ð¸Ð»Ð¸ÑģÑĮ": 832,
      "ĠÐ²Ð¾ÑĤ": 833,
      "ĠÐ½Ð°Ð·": 834,
      "ĠÑģÑĤÐ¾Ð»": 835,
      "ĠÐ¿ÑĢÐ°Ð²": 836,
      "ĠÑģÐ¾Ð²": 837,
      "ĠÐ¥": 838,
      "ÐµÐ¿ÐµÑĢÑĮ": 839,
      "ÐĹ": 840,
      "ĠÑĥÐ²": 841,
      "ÑıÐ²": 842,
      "Ð¸Ð¼Ð¸": 843,
      "ĠÑĤÐµÐ±Ñı": 844,
      "ĠÐ½ÐµÐ¿": 845,
      "ÑģÑĤÑĢÐ¾": 846,
      "ÐµÐ´ÑĮ": 847,
      "ÑĢÑĥÐ¶": 848,
      "ÑıÐ·": 849,
      "Ð°Ð½ÑĤ": 850,
      "ĠÐ·Ð°Ð´": 851,
      "ÑĩÐ½Ð¾": 852,
      "ÑĢÐ¾Ð¼": 853,
      "Ġt": 854,
      "Ð¼Ð¾ÑĤÑĢ": 855,
      "Ð°ÐºÐ¾Ð¼": 856,
      "Ð½ÑĥÐ»ÑģÑı": 857,
      "Ð¸ÑĤÐµÐ»ÑĮÐ½Ð¾": 858,
      "ÑĢÐµÐ´": 859,
      "ÑĮÑı": 860,
      "ĠÐ½ÐµÐ´": 861,
      "ĠÐ´ÐµÐ½ÑĮ": 862,
      "ĠÑĤÐ¾Ð¶Ðµ": 863,
      "ÐĽ": 864,
      "Ð¸Ð±": 865,
      "Ð²Ð¾Ð½": 866,
      "ĠÐ¿ÑĢÐ¾ÑģÑĤÐ¾": 867,
      "ĠÐ¼Ð¾Ð¶ÐµÑĤ": 868,
      "Ð°ÑĨ": 869,
      "he": 870,
      "ÑĤÐ¾Ð²": 871,
      "Ð¾Ð±ÑĢ": 872,
      "ĠÑģÐ»Ð¾Ð²": 873,
      "ĠÐŃÑĤÐ¾": 874,
      "ĠÐ¿ÑĢÐ¾Ð´": 875,
      "ĠÐ·Ð°Ð±": 876,
      "ÑıÑģ": 877,
      "ĠÐ½ÑĥÐ¶": 878,
      "Ð½Ð¾ÑģÑĤÐ¸": 879,
      "ĠÑģÐºÐ°Ð·Ð°Ð»": 880,
      "ĠÐ±ÑĭÐ»Ð¸": 881,
      "ĠÐ¿ÑĢÐ¸Ð½": 882,
      "ĠÐ»Ð¸ÑĨ": 883,
      "ÑĤÐµÑĢÐµÑģ": 884,
      "Ð°Ð½Ð°": 885,
      "ĠÑģÐµÐ±Ðµ": 886,
      "ĠÑģÐµÐ¹ÑĩÐ°Ñģ": 887,
      "ĠÑĤÐµÐ±Ðµ": 888,
      "ÑĪÐ¸ÑģÑĮ": 889,
      "ĠÐ½ÐµÐ¼": 890,
      "Ð´Ð¸": 891,
      "ÐºÐ¸Ð¹": 892,
      "Ð°ÑİÑī": 893,
      "Â»,": 894,
      "ÑĤÐ¾ÑĢÐ¾Ð½": 895,
      "Ð£": 896,
      "ÑģÑĤÐ²Ð°": 897,
      "ĠÐ´Ð°": 898,
      "ĠÑĤÐµÐ¼": 899,
      "ĠÑĥÐ¶": 900,
      "Ðķ": 901,
      "Ð¾ÑĢÐ¼": 902,
      "ĠÑĥÐ¼": 903,
      "Ð½ÐµÐ¹": 904,
      "Ð°Ð¶Ð´": 905,
      "ĠÐ±ÑĥÐ´ÐµÑĤ": 906,
      "ĠÐ¿ÐµÑĢÐµÐ´": 907,
      "ÐºÐ°Ð¼Ð¸": 908,
      "ÐºÐ°Ñı": 909,
      "ÑıÐ¼": 910,
      "Ð²Ð°ÑĤ": 911,
      "ĠÐļÐ°Ðº": 912,
      "ĠÐ±ÑĭÑĤÑĮ": 913,
      "Ð½ÐµÐµ": 914,
      "ĠÐ¶ÐµÐ½Ñī": 915,
      "Ð½ÑĥÐ»Ð°ÑģÑĮ": 916,
      "ĠÐ¿Ð¾ÑĤÐ¾Ð¼": 917,
      "ĠÐ²Ð°Ñģ": 918,
      "ÑĨÐ°": 919,
      "ĠÐºÐ¾Ð¼": 920,
      "Ð´ÑĢ": 921,
      "Ðĳ": 922,
      "Ð»ÑİÑĩ": 923,
      "ĠÐĲÐ½": 924,
      "ÐµÑĩÐ½Ð¾": 925,
      "ĠÐ¿ÑĢÐ¸Ð²": 926,
      "ĠÑįÑĤÐ¾Ð³Ð¾": 927,
      "ÑĥÐ´ÑĮ": 928,
      "ÑİÑĤ": 929,
      "ĠÑĤÑĢÑĥ": 930,
      "ÑĥÐº": 931,
      "Ð±Ñĭ": 932,
      "ĠÑģÐ´ÐµÐ»": 933,
      "Ð»Ð¸Ð²": 934,
      "ĠÐ²Ð¾Ñģ": 935,
      "ĠÐºÐ¾Ð»": 936,
      "ÐµÑĢÑĤ": 937,
      "ÑįÑĤ": 938,
      "ĠÐ´ÑĥÐ¼": 939,
      "ĠÑħÐ¾ÑĢÐ¾ÑĪ": 940,
      "ÑĥÐ³": 941,
      "ÐµÑĢÐ³": 942,
      "ÑĢÐ°Ñģ": 943,
      "ĠÐ½Ð°Ð´Ð¾": 944,
      "ÐµÑģÑı": 945,
      "Ð»Ð°Ñģ": 946,
      "ĠÐ¤": 947,
      "ÑĢÑĭÐ²": 948,
      "ĠÐ¼Ð¾Ð¶Ð½Ð¾": 949,
      "ĠÐ½ÐµÐµ": 950,
      "Ð¿ÑĢÐ°Ð²": 951,
      "ÐŃ": 952,
      "Ð»ÑĭÐ±": 953,
      "ĠÐ»ÐµÑĤ": 954,
      "ĠÑįÑĤÐ¾Ð¼": 955,
      "ĠÐ½Ð°Ð¼": 956,
      "ĠÐ±ÐµÑģ": 957,
      "ĠÐ¼ÐµÑģÑĤ": 958,
      "ĠÑĤÐ¾Ð³Ð¾": 959,
      "ĠÐºÑĢÐ°Ñģ": 960,
      "Ð¾Ð¿ÑĢÐ¾Ñģ": 961,
      "ĠÑįÑĤÐ¾ÑĤ": 962,
      "ÑģÑĤÐ²Ð¾Ð²": 963,
      "ĠÐ±Ð¾Ð»": 964,
      "ĠÐ½Ð°Ð²": 965,
      "ÐĿÐµ": 966,
      "ĠÐ¿ÐµÑĢÐ²": 967,
      "ĠÐ¼Ð°ÑĪ": 968,
      "ĠÐ²Ð´": 969,
      "ÐµÑĦ": 970,
      "Ð°ÑıÑģÑĮ": 971,
      "Ð¸Ð½Ðµ": 972,
      "ÐĿÑĥ": 973,
      "ĠÐĸ": 974,
      "Ð°Ð²Ð½Ð¾": 975,
      "ĠÑģÐ¾Ñģ": 976,
      "ĠÐ¸Ñģ": 977,
      "ĠÑĩÐ°Ñģ": 978,
      "ĠÐ¿Ð¾Ð³": 979,
      "ÑĢÐ°ÑĪ": 980,
      "ĠÐĴÑĭ": 981,
      "Ð½ÑĥÑĤÑĮ": 982,
      "ÑģÐºÐ°Ð·": 983,
      "ĠÐ¢Ð°Ðº": 984,
      "ĠÐŁÑĢ": 985,
      "ĠÑģÑĤÐ¾ÑĢÐ¾Ð½": 986,
      "ĠÐ½ÐµÐ¹": 987,
      "ÐµÑĢÐ²": 988,
      "ĠÐ±Ð¾Ð»ÑĮÑĪÐµ": 989,
      "ÑģÐºÐ¸Ð¹": 990,
      "Ð¾Ð¶Ð½Ð¾": 991,
      "ÑĥÐ»": 992,
      "ĠÑģÐ½": 993,
      "ÐµÐ½Ð°": 994,
      "Ð¸ÐºÐ°": 995,
      "ĠÑĢÐ¾Ð´": 996,
      "ĠÐ´Ð¾Ð»Ð¶": 997,
      "ĠÐ½ÐµÐ²": 998,
      "ÑĢÐ°Ð·Ñĥ": 999
    },
    "merges": [
      "Ġ Ð",
      "Ð ¾",
      "Ð °",
      "Ð µ",
      "Ñ Ĥ",
      "Ð ¸",
      "Ñ ģ",
      "Ð¾ Ð",
      "Ð ½",
      "Ñ Ģ",
      "Ð »",
      "Ñ ĥ",
      "Ð° Ð",
      "Ñ ı",
      "Ðµ Ð",
      "Ñ Į",
      "Ñ ĭ",
      "ĠÐ ¿",
      "Ð º",
      "ĠÐ ½",
      "Ġ Ñģ",
      "Ñ ĩ",
      "ĠÐ ²",
      "Â ł",
      "Ð ²",
      "Ð ´",
      "â Ģ",
      "ĠÐ ¾",
      "Ð ¼",
      "âĢ ĵ",
      "ÑĤ Ð¾",
      "Ð° Ð»",
      "ĠÐ ¸",
      "Ñ Ī",
      "Ñģ ÑĤ",
      "ĠÐ º",
      "Ð¾Ð ²",
      "Ðµ Ð½",
      "Ñ ħ",
      "ĠÐ ´",
      "Ðµ ÑĢ",
      "Ġ ÑĤ",
      "Ð¾Ð »",
      "ĠÐ ¼",
      "Ð¾Ð ¼",
      "Ðµ Ð»",
      "Ð¸ Ð»",
      "Ðµ ÑĤ",
      "Ð ¿",
      "ĠÐ ±",
      "Ð½ Ð¾",
      "Ñ İ",
      "³ Ð¾",
      "ĠÐ¿ ÑĢ",
      "Ð° ÑĤ",
      "ĠÐ ·",
      "Ð°Ð º",
      "ĠÐ½ Ðµ",
      "Ġ Ñĩ",
      "Ð¾Ð ´",
      "Ġ Ñĥ",
      "Ð ±",
      "Ð¸ ÑĤ",
      "Ð ·",
      "Ð¾Ð ¹",
      "Ġ ÑĢ",
      "Ñģ Ñı",
      "Ð° Ñģ",
      "Ð° Ð½",
      "Ð¾ Ñģ",
      "Ð¸ Ð½",
      "ĠÐ½ Ð°",
      "ÐµÐ ¼",
      "Ð¾ ÑĢ",
      "Ð°Ð ·",
      "Ð°Ð ¼",
      "Ð¾ ÑĤ",
      "Ð ¶",
      "Ð ¹",
      "Ð ³",
      "Ñ Ĩ",
      "Ð¾Ð ½",
      "ĠÐ µ",
      "Ð°Ð ²",
      "Ñ ī",
      "ÐµÐ ´",
      "Ð½ Ð°",
      "Ð½ Ñĭ",
      "Ð° ÑĢ",
      "Ð» Ð¸",
      "Ð½ Ð¸",
      "Ġ Ñ",
      "Ð°ÑĤ ÑĮ",
      "Ð¾Ð ±",
      "Ð¾Ð ³",
      "ĠÑĩ ÑĤÐ¾",
      "ĠÐ ³",
      "Ð¸ Ð²",
      "ĠÐ± Ñĭ",
      "Ð½ Ñĥ",
      "ĠÐ »",
      "Ð¾Ð ¶",
      "ĠÐ¾ ÑĤ",
      "Ð°Ð ´",
      "Ðº Ð¸",
      "ÐµÐ ¹",
      "Ðµ Ñģ",
      "Ð¾Ð ³Ð¾",
      "Ðº Ð°",
      "ĠÑ į",
      "Ð¸ Ð¼",
      "ÐµÐ ²",
      "Ð¾Ð º",
      "ĠÐ¿ Ð¾",
      "ÑĢ Ñĥ",
      "ĠÐ ¶",
      "Ġ Ñı",
      "Ð» Ð°",
      "Ð¸ Ñģ",
      "ĠÐ Ĵ",
      "Ð¾Ð» ÑĮ",
      "ĠÐ Ŀ",
      "ĠÐ² Ñĭ",
      "Ð°Ð» Ð°",
      "Ð´ Ð°",
      "ĠÑģ ÑĤ",
      "ÐµÐ½ Ð¸",
      "ÑĤÐ¾ ÑĢ",
      "ĠÐ °",
      "ÐµÐ º",
      "ĠÐ² Ñģ",
      "Ð¸ Ðº",
      "Ð¸ÑĤ ÑĮ",
      "ĠÐº Ð°Ðº",
      "Ð° Ñı",
      "ÑģÑĤ Ð²",
      "ÐµÐ ·",
      "ĠÐ¿ Ð¾Ð´",
      "Ð¾Ð ·",
      "Ð¸ Ð´",
      "ĠÐ¾ Ð±",
      "ÐµÐ ±",
      "ĠÐ Ł",
      "Ðº Ð¾",
      "Ð» Ñı",
      "Ð°Ñģ ÑĮ",
      "Ðº Ñĥ",
      "Ð¸ Ñĩ",
      "ÐµÐ ³Ð¾",
      "ĠÐ ¡",
      "Ġ Ñħ",
      "Ð°Ð ¶",
      "Ð ³Ð¾",
      "ĠÐ Ĳ",
      "ÐµÐ» ÑĮ",
      "ĠÐ ŀ",
      "Ð¾ Ñĩ",
      "Ð¸Ð» Ð°",
      "Ñı ÑĤ",
      "Ñĥ ÑĤ",
      "ĠÐ ļ",
      "âĢ ¦",
      "ĠÑģ Ð²",
      "Ð°Ð ±",
      "Ð½ Ðµ",
      "ĠÐ¸ Ð·",
      "Ð¾Ð ¿",
      "ĠÐ ĺ",
      "ĠÐ ľ",
      "ĠÐ· Ð°",
      "Ð» Ð¾",
      "ĠÑĤ Ð°Ðº",
      "ĠÐ¾ Ð½",
      "ÑĢ Ð°",
      "ĠÑģ Ð»",
      "Ð¸ Ñħ",
      "Ñ Ħ",
      "Ñĥ Ð´",
      "Ðµ Ñĩ",
      "Ðµ ÑĪ",
      "ĠÑĢ Ð°Ð·",
      "Ðµ ÑģÑĤ",
      "ĠÐ ¢",
      "Ñģ Ðº",
      "ĠÑį ÑĤÐ¾",
      "Ð°Ð ¿",
      "Ð½ Ð¾Ð¹",
      "Ġ âĢĵ",
      "Ð¿ ÑĢ",
      "ÐµÐ ¿",
      "Ð°Ð ¹",
      "Ð¸ ÑĢ",
      "Ñĥ Ð¼",
      "ĠÑģ Ðº",
      "Ð°Ð» ÑĮ",
      "Ð°Ð» Ð¸",
      "Ð°Ð¼ Ð¸",
      "Ñĭ Ð²",
      "ÐµÐ½ ÑĮ",
      "Ñĥ Ð¶",
      "Ð Ŀ",
      "Ð¸ Ðµ",
      "Ð½Ñĭ Ð¹",
      "Ð¾ ÑģÑĤ",
      "Ð¸ Ð·",
      "ĠÐµ Ð³Ð¾",
      "ĠÐ²Ñģ Ðµ",
      "ĠÐ¿ ÐµÑĢ",
      "Â «",
      "Â »",
      "ĠÑį ÑĤ",
      "ÐµÐ ³",
      "Ñī Ðµ",
      "Ñĥ Ñĩ",
      "Ð½ Ð¾Ð³Ð¾",
      "ĠÐ¾ Ð½Ð°",
      "ĠÐ Ķ",
      "Ð½Ñĥ Ð»",
      "ÐµÐ ¶",
      "ĠÐº Ð¾",
      "Ð¸Ñģ ÑĮ",
      "Ð¾Ð»ÑĮ ÐºÐ¾",
      "Ð° Ñİ",
      "Ð¸ Ð¹",
      "Ð° ÐµÑĤ",
      "ĠÐ¿ Ð¾Ð»",
      "Ð¸ Ñı",
      "ÐµÐ½ Ñı",
      "Ð¾ ÑĪ",
      "Ġ ÑĪ",
      "Ñĥ ÑĢ",
      "ĠÐ¿ Ð¾Ñģ",
      "ÑģÑĤ ÑĮ",
      "Ġ Â«",
      "Ñĭ Ð¹",
      "ĠÐ¿ÑĢ Ð¸",
      "Ð¾Ð³ Ð´Ð°",
      "Ð½Ñĭ Ð¼",
      "Ð¾Ñģ ÑĮ",
      "Ð Ĵ",
      "ÐµÐ½ Ð½Ð¾",
      "Ð° ÑĪ",
      "ĠÐ½ Ð¾",
      "ÑĢÑĥ Ð³",
      "Ð¾Ð¼ Ñĥ",
      "Ñ ĳ",
      "Ñĥ ÑĪ",
      "Ġ ÑĤÐ¾",
      "Ð¸ ÑĨ",
      "Ð¶ Ðµ",
      "Ð¸Ð½ Ð°",
      "ĠÐ¶ Ðµ",
      "ĠÐ´ Ð²",
      "Ð½Ñĭ Ðµ",
      "ĠÐ¾ Ð´",
      "ĠÑģÐ² Ð¾",
      "ĠÐº ÑĢ",
      "Ð°Ð ³",
      "Ð Ł",
      "Ñĥ Ñİ",
      "ÑģÑĤ ÑĢ",
      "ĠÐµ Ðµ",
      "Ð¾Ð² Ð¾ÑĢ",
      "ĠÑģ Ð¿",
      "Ð ŀ",
      "ĠÑĢ Ð°Ñģ",
      "ĠÐ±Ñĭ Ð»Ð¾",
      "ĠÐ¼ ÐµÐ½Ñı",
      "ÐµÐ» Ð°",
      "ĠÐ ¯",
      "ĠÐ Ľ",
      "Ñħ Ð¾Ð´",
      "Ð°Ð» ÑģÑı",
      "Ð½ Ñı",
      "ĠÑģ Ð°Ð¼",
      "ÑĤ ÑĮ",
      "ĠÐ ³Ð¾",
      "Ð Ĳ",
      "Ñģ ÑĮ",
      "ĠÐºÐ¾ ÑĤÐ¾ÑĢ",
      "ĠÐ¿ÑĢ Ð¾",
      "Ñĭ Ð¼",
      "Ð¸Ð» ÑģÑı",
      "ĠÐ ĵ",
      "Ð¸Ð» Ð¸",
      "ÑĪ Ðµ",
      "Ð ¡",
      "ĠÑ Ħ",
      "Ð Ķ",
      "ĠÑĤ Ñĭ",
      "Ð° Ñħ",
      "Ñĥ Ð¿",
      "ÐµÐ½Ð¸ Ñı",
      "ÑĢ Ð¸",
      "Ð½Ð° Ñı",
      "Ð½Ð¸ Ðº",
      "ĠÐ¼ Ð½Ðµ",
      "ĠÐ² Ð·",
      "Ð¾ Ðµ",
      "Ð¸ Ð¸",
      "ĠÑĢ Ñĥ",
      "Ð ¢",
      "ĠÑģ Ð¼",
      "ÐµÐ½ ÑĤ",
      "ĠÐ¿ Ð¾ÑĤ",
      "ÐµÐ½Ð¸ Ðµ",
      "Ð ļ",
      "ÐµÐ± Ñı",
      "Ñģ Ð¿",
      "Ð¾Ð² Ð°",
      "Ñĭ Ðµ",
      "ĠÐ³ Ð»",
      "Ð½Ð¾ Ðµ",
      "ĠÐ¿ Ð¾Ðº",
      "Ð¸ÑĤ ÐµÐ»ÑĮ",
      "Ð½Ñĭ Ñħ",
      "ÑĤ Ð¸",
      "Ñģ Ð»Ð¸",
      "Ð°Ð» Ð°ÑģÑĮ",
      "ĠÐ» Ñİ",
      "Ðº Ðµ",
      "ÑģÑĤ Ð°Ð²",
      "ÑĢ ÐµÐ¼",
      "ÐµÑĢ ÑĮ",
      "Ð¸Ð» Ð°ÑģÑĮ",
      "ÐµÐ¼ Ñĥ",
      "ÐµÑĪ ÑĮ",
      "ĠÑģÐº Ð°Ð·",
      "ĠÐ¿ÑĢ ÐµÐ´",
      "ĠÐ ķ",
      "ÑĢ Ð¾Ñģ",
      "ĠÑĥ Ð¶Ðµ",
      "ĠÐ ĳ",
      "Ð» Ñİ",
      "ĠÐ³ Ð¾Ð»",
      "Ñĭ Ñħ",
      "Ð´ Ðµ",
      "ĠÐ± ÑĥÐ´",
      "Ð¸ ÑĪ",
      "ĠÐ´ ÐµÐ»",
      "ĠÐµ ÑīÐµ",
      "ĠÐ ł",
      "Ð² ÐµÑĤ",
      "Ð¾Ð± Ñĭ",
      "Ð°ÑĤÑĮ ÑģÑı",
      "Ðº Ð¾Ð¹",
      "ÐµÐ± Ðµ",
      "ĠÐ¸ Ð¼",
      "ÑĢ Ð°Ð½",
      "ĠÐ¼ Ñĭ",
      "Ð» ÑĮ",
      "ĠÑģ Ð¾",
      "ĠÐ¼ Ð¾Ð¶",
      "Ð¼ Ñĥ",
      "ĠÐ¿ Ð¾Ð½",
      "Ð ľ",
      "ÑĢ Ð°Ð·",
      "ÑıÑĤ ÑĮ",
      "ĠÑĤ Ð¾Ð»ÑĮÐºÐ¾",
      "Ð½Ñĥ Ñİ",
      "ÑĢ Ñı",
      "ĠÐĿ Ð¾",
      "ÑĢ Ñĭ",
      "ĠÐ±Ñĭ Ð»",
      "ĠÐº Ð¾Ð½",
      "ĠÐ Ĺ",
      "ĠÐ² Ð¾Ð·",
      "Ð ĺ",
      "Ð» Ðµ",
      "Ñģ ÐºÐ¸",
      "Ð°Ð± Ð¾ÑĤ",
      "ĠÐ¾ Ðº",
      "ĠÐ² Ð¸Ð´",
      "ĠÐ½ Ð°Ð´",
      "ÑģÑĤ Ð¸",
      "Ñı Ð»",
      "ÑĢ Ð°Ð²",
      "Ñĥ Ð±",
      "ĠÑģ Ð¾Ð±",
      "Ð°Ð¶ Ðµ",
      "ĠÐ¿ Ð¾Ð¼",
      "ÐµÐ» Ð¸",
      "Ð ¯",
      "ĠÐ½ Ð¸Ðº",
      "Ð¸Ð½ Ñĥ",
      "ĠÐ¾ Ñĩ",
      "Ġ ÑĨ",
      "Ð² ÐµÑĢ",
      "ÐµÑģ ÑĮ",
      "Ð½Ñĥ Ð»Ð°",
      "ÐµÑĤ ÑģÑı",
      "ĠÐ± Ð¾Ð»ÑĮ",
      "ĠÐ¿ Ð»",
      "Ðµ Ñħ",
      "ĠÐ· Ð½Ð°",
      "ĠÑħ Ð¾ÑĤ",
      "Ðº Ð¾Ð²",
      "Ñģ Ð»",
      "ĠÐ¼ Ð¾Ð³",
      "ĠÐ´ Ð¾Ð¼",
      "Ðµ ÑĨ",
      "Ð¾ÑĤ ÑĢ",
      "Ñĭ ÑĪ",
      "ĠÑĥ Ð´",
      "Ñ į",
      "ÑĤ Ð¾Ð±Ñĭ",
      "ĠÐ½ Ð°Ñģ",
      "Ð¸Ð» ÑĮ",
      "ĠÐ¾ Ð¿",
      "ĠÐ¶ ÐµÐ½",
      "Ð°ÑĤ ÐµÐ»ÑĮ",
      "ĠÐ´ ÑĢÑĥÐ³",
      "ĠÐ £",
      "ĠÐ½ Ð°Ð¿",
      "Ð°Ð» Ð¾",
      "ÑĤ ÐµÑĢ",
      "ĠÐ¸ Ð½",
      "Ñĥ Ñħ",
      "ĠÑĤ ÑĢ",
      "Ð³ Ð»Ñı",
      "Ð° ÑģÑĤ",
      "ĠÐ Ń",
      "ĠÐ· Ð°Ð¼",
      "ĠÐ´ Ð¾",
      "ĠÐ¿ÑĢ Ð¾Ñģ",
      "ĠÐ² ÑĢÐµÐ¼",
      "ĠÐ¼ Ð¾",
      "ĠÐŀ Ð½",
      "ÐµÐ» Ð¾Ð²",
      "ĠÐ §",
      "ĠÐº Ð¾Ð³Ð´Ð°",
      "ĠÐ½ Ð¸",
      "Ð´ ÐµÐ»",
      "ĠÑĩ ÑĤÐ¾Ð±Ñĭ",
      "ĠÐ± ÐµÐ·",
      "ĠÐ¾ Ñģ",
      "ĠÐ¼ ÑĥÐ¶",
      "Ð¾Ð² ÐµÑĢ",
      "Ð° Ñĩ",
      "Ð¼ Ð¸",
      "Ð½ Ð¾Ð¼",
      "ĠÐ´ Ð»Ñı",
      "ÑĢ Ð¾Ð´",
      "ĠÐ² Ð¾",
      "Ð¸ÑĤ Ðµ",
      "ĠÐ· Ð°Ðº",
      "ĠÐ±Ñĭ Ð»Ð°",
      "Ð°Ð» Ð¾ÑģÑĮ",
      "Ðµ Ðµ",
      "ĠÐ»Ñİ Ð±",
      "Ð¾Ð¼ Ð½",
      "ĠÐ¾ Ð½Ð¸",
      "ĠÑģ Ð¿ÑĢ",
      "Ñģ Ðµ",
      "ĠÐ² ÐµÑĢ",
      "Ð¾Ð¶ Ðµ",
      "ĠÐ· Ð½",
      "ĠÑĩ ÐµÑĢ",
      "Ð°Ð½ Ð¾Ð²",
      "Ð¸ÑĤÑĮ ÑģÑı",
      "ĠÐ½Ð° Ñĩ",
      "Ð¸Ð· Ð½",
      "ĠÐ¿ Ð¾Ð¿",
      "ĠÐ´ Ð°Ð¶Ðµ",
      "ĠÐ¿Ð¾ Ñĩ",
      "Ð¾Ð» Ð¶",
      "ÐµÑĤ ÑĮ",
      "ÑĢ Ð¾Ð²",
      "ĠÐ´ ÐµÐ²",
      "ĠÐ¿ Ð¾ÑĢ",
      "ĠÐ³ Ð¾Ð²Ð¾ÑĢ",
      "ĠÐµ Ð¼Ñĥ",
      "ĠÐ³Ð» Ð°Ð·",
      "Ñ Ĭ",
      "Ð½ Ð¾Ð²",
      "Ð¸ ÑģÑĤ",
      "ĠÐ¸ Ñħ",
      "Ð½Ð¸ Ð¼",
      "ĠÐ¸ Ð»Ð¸",
      "Ñĩ Ð°Ñģ",
      "ĠÑĥ Ð±",
      "ĠÑĢ Ð°Ð±Ð¾ÑĤ",
      "Ð¸ Ñİ",
      "Ð¾ Ñħ",
      "Ð´ Ñĥ",
      "Ñĩ Ð¸ÑĤ",
      "ĠÐµ ÑģÐ»Ð¸",
      "Ðº Ð¾Ð¼",
      "Ð² Ð¾",
      "Ð°Ð» Ð¸ÑģÑĮ",
      "ĠÐ· Ð°Ð¿",
      "ÑĤÐ¾ Ñı",
      "Ñĭ ÑĤ",
      "Ð½Ð¸ ÑĨ",
      "Ð¸Ñĩ ÐµÐ³Ð¾",
      "ÑĢ Ð°ÑĤ",
      "Ð» Ð°Ð´",
      "ĠÐ¿ Ð°ÑĢ",
      "ĠÐ¿ Ð¾Ð·",
      "ÑĤ Ðµ",
      "ĠÑĩ ÐµÐ»Ð¾Ð²",
      "ĠÐ¾ÑĤ Ðº",
      "Ð» ÐµÐ´",
      "ĠÐ½Ð° ÑĪ",
      "Ñĥ ÑģÑĤ",
      "Ð» ÐµÐ½",
      "ÑĤ ÑĢ",
      "ĠÐ» Ð¸",
      "ĠÑģ ÐµÐ±Ñı",
      "ÐµÑĢ Ð¶",
      "ĠÑĩ ÐµÐ¼",
      "ĠÐ¾ ÑģÑĤ",
      "ÐµÑĢ Ð°",
      "ĠÐ½ ÐµÑĤ",
      "ÐµÐ¹ ÑĩÐ°Ñģ",
      "Ð¾ÑĢ Ð¾ÑĪ",
      "Ñĥ Ð´Ð°",
      "Â» .",
      "ÐµÑĤ Ðµ",
      "Ð°Ñİ ÑĤ",
      "Ð» ÐµÐº",
      "Ð¸ÑĪ ÑĮ",
      "Ð°Ð½ Ð¸Ñı",
      "Ð¿ Ð¾Ð»",
      "ĠÑģÑĤ Ð°ÑĢ",
      "ĠÐ· Ð´",
      "ĠÐĿ Ðµ",
      "ĠÑĩÐµÐ»Ð¾Ð² ÐµÐº",
      "Ð¸Ð½ Ñĭ",
      "Ñĥ Ñģ",
      "Ð°Ð½ Ð¸Ðµ",
      "ĠÐµ Ð¹",
      "ĠÐ¾Ñĩ ÐµÐ½ÑĮ",
      "Ðµ Ñī",
      "ĠÐº ÑĤÐ¾",
      "Ð¸Ñĩ ÐµÑģ",
      "Ð ł",
      "ĠÐ¼ Ð¾Ð»",
      "ĠÑĤ Ð°Ð¼",
      "Ð°ÑĢ ÑĤ",
      "ĠÐ· Ð°Ð²",
      "Ð¸ Ð³",
      "Ð°ÐµÑĤ ÑģÑı",
      "ĠÐ¾ÑĤ Ð²ÐµÑĤ",
      "ĠÑģÐ¿ÑĢ Ð¾Ñģ",
      "ĠÐ³Ð¾Ð» Ð¾Ð²",
      "ĠÐ½ ÐµÐ³Ð¾",
      "Ð¸ÑĤ ÑģÑı",
      "Ð½ÑĭÐ¼ Ð¸",
      "ÑģÑĤÐ² Ð¾",
      "Ñı Ð´",
      "ĠÑĤ ÐµÐ»",
      "Ð¸ÑĢ Ð¾Ð²",
      "ĠÐ¿ Ð¾Ð²",
      "ĠÐº Ð¾ÑĢ",
      "ĠÑĤ ÑĥÑĤ",
      "Ð½Ð¾ ÑģÑĤÑĮ",
      "ĠÐµ ÑģÑĤÑĮ",
      "ĠÐ³ Ð´Ðµ",
      "ÑģÑĤÐ² ÐµÐ½",
      "ÑĮ Ñİ",
      "ĠÐŀ Ð½Ð°",
      "Ð» Ñĭ",
      "ĠÐ½ Ð¸ÑĩÐµÐ³Ð¾",
      "Ñĥ Ð²",
      "ĠÐ²ÑĢÐµÐ¼ Ñı",
      "Ð ĵ",
      "Ð³Ð»Ñı Ð´",
      "ÐĶ Ð°",
      "ĠÑģÐ» ÑĥÑĩ",
      "ĠÑĢ ÐµÑĪ",
      "Ð §",
      "ĠÑģÐ» ÐµÐ´",
      "ĠÐľ Ð°ÑĢ",
      "Ð¸Ð» Ð¾ÑģÑĮ",
      "Ð¸Ð» Ð¸ÑģÑĮ",
      "ĠÐ² Ð¾ÑĤ",
      "ĠÐ½ Ð°Ð·",
      "ĠÑģÑĤ Ð¾Ð»",
      "ĠÐ¿ÑĢ Ð°Ð²",
      "ĠÑģ Ð¾Ð²",
      "ĠÐ ¥",
      "ÐµÐ¿ ÐµÑĢÑĮ",
      "Ð Ĺ",
      "ĠÑĥ Ð²",
      "Ñı Ð²",
      "Ð¸Ð¼ Ð¸",
      "ĠÑĤ ÐµÐ±Ñı",
      "ĠÐ½ ÐµÐ¿",
      "ÑģÑĤÑĢ Ð¾",
      "ÐµÐ´ ÑĮ",
      "ÑĢÑĥ Ð¶",
      "Ñı Ð·",
      "Ð°Ð½ ÑĤ",
      "ĠÐ· Ð°Ð´",
      "Ñĩ Ð½Ð¾",
      "ÑĢ Ð¾Ð¼",
      "Ġ t",
      "Ð¼ Ð¾ÑĤÑĢ",
      "Ð°Ðº Ð¾Ð¼",
      "Ð½ÑĥÐ» ÑģÑı",
      "Ð¸ÑĤÐµÐ»ÑĮ Ð½Ð¾",
      "ÑĢ ÐµÐ´",
      "ÑĮ Ñı",
      "ĠÐ½ ÐµÐ´",
      "ĠÐ´ ÐµÐ½ÑĮ",
      "ĠÑĤ Ð¾Ð¶Ðµ",
      "Ð Ľ",
      "Ð¸ Ð±",
      "Ð² Ð¾Ð½",
      "ĠÐ¿ÑĢÐ¾Ñģ ÑĤÐ¾",
      "ĠÐ¼Ð¾Ð¶ ÐµÑĤ",
      "Ð° ÑĨ",
      "h e",
      "ÑĤ Ð¾Ð²",
      "Ð¾Ð± ÑĢ",
      "ĠÑģÐ» Ð¾Ð²",
      "ĠÐŃ ÑĤÐ¾",
      "ĠÐ¿ÑĢ Ð¾Ð´",
      "ĠÐ· Ð°Ð±",
      "Ñı Ñģ",
      "ĠÐ½ ÑĥÐ¶",
      "Ð½Ð¾ ÑģÑĤÐ¸",
      "ĠÑģÐºÐ°Ð· Ð°Ð»",
      "ĠÐ±Ñĭ Ð»Ð¸",
      "ĠÐ¿ÑĢ Ð¸Ð½",
      "ĠÐ» Ð¸ÑĨ",
      "ÑĤÐµÑĢ ÐµÑģ",
      "Ð°Ð½ Ð°",
      "ĠÑģ ÐµÐ±Ðµ",
      "ĠÑģ ÐµÐ¹ÑĩÐ°Ñģ",
      "ĠÑĤ ÐµÐ±Ðµ",
      "ÑĪ Ð¸ÑģÑĮ",
      "ĠÐ½ ÐµÐ¼",
      "Ð´ Ð¸",
      "ÐºÐ¸ Ð¹",
      "Ð°Ñİ Ñī",
      "Â» ,",
      "ÑĤÐ¾ÑĢ Ð¾Ð½",
      "Ð £",
      "ÑģÑĤÐ² Ð°",
      "ĠÐ´ Ð°",
      "ĠÑĤ ÐµÐ¼",
      "ĠÑĥ Ð¶",
      "Ð ķ",
      "Ð¾ÑĢ Ð¼",
      "ĠÑĥ Ð¼",
      "Ð½ ÐµÐ¹",
      "Ð°Ð¶ Ð´",
      "ĠÐ±ÑĥÐ´ ÐµÑĤ",
      "ĠÐ¿ÐµÑĢ ÐµÐ´",
      "Ðº Ð°Ð¼Ð¸",
      "ÐºÐ° Ñı",
      "Ñı Ð¼",
      "Ð² Ð°ÑĤ",
      "ĠÐļ Ð°Ðº",
      "ĠÐ±Ñĭ ÑĤÑĮ",
      "Ð½Ðµ Ðµ",
      "ĠÐ¶ÐµÐ½ Ñī",
      "Ð½ÑĥÐ» Ð°ÑģÑĮ",
      "ĠÐ¿Ð¾ÑĤ Ð¾Ð¼",
      "ĠÐ² Ð°Ñģ",
      "ÑĨ Ð°",
      "ĠÐº Ð¾Ð¼",
      "Ð´ ÑĢ",
      "Ð ĳ",
      "Ð»Ñİ Ñĩ",
      "ĠÐĲ Ð½",
      "ÐµÑĩ Ð½Ð¾",
      "ĠÐ¿ÑĢ Ð¸Ð²",
      "ĠÑįÑĤ Ð¾Ð³Ð¾",
      "ÑĥÐ´ ÑĮ",
      "Ñİ ÑĤ",
      "ĠÑĤ ÑĢÑĥ",
      "Ñĥ Ðº",
      "Ð± Ñĭ",
      "ĠÑģ Ð´ÐµÐ»",
      "Ð»Ð¸ Ð²",
      "ĠÐ² Ð¾Ñģ",
      "ĠÐº Ð¾Ð»",
      "ÐµÑĢ ÑĤ",
      "Ñį ÑĤ",
      "ĠÐ´ ÑĥÐ¼",
      "ĠÑħ Ð¾ÑĢÐ¾ÑĪ",
      "Ñĥ Ð³",
      "ÐµÑĢ Ð³",
      "ÑĢ Ð°Ñģ",
      "ĠÐ½Ð°Ð´ Ð¾",
      "Ðµ ÑģÑı",
      "Ð» Ð°Ñģ",
      "ĠÐ ¤",
      "ÑĢ ÑĭÐ²",
      "ĠÐ¼Ð¾Ð¶ Ð½Ð¾",
      "ĠÐ½Ðµ Ðµ",
      "Ð¿ÑĢ Ð°Ð²",
      "Ð Ń",
      "Ð»Ñĭ Ð±",
      "ĠÐ» ÐµÑĤ",
      "ĠÑįÑĤ Ð¾Ð¼",
      "ĠÐ½ Ð°Ð¼",
      "ĠÐ± ÐµÑģ",
      "ĠÐ¼ ÐµÑģÑĤ",
      "ĠÑĤ Ð¾Ð³Ð¾",
      "ĠÐºÑĢ Ð°Ñģ",
      "Ð¾Ð¿ ÑĢÐ¾Ñģ",
      "ĠÑįÑĤÐ¾ ÑĤ",
      "ÑģÑĤÐ² Ð¾Ð²",
      "ĠÐ± Ð¾Ð»",
      "ĠÐ½ Ð°Ð²",
      "ÐĿ Ðµ",
      "ĠÐ¿ÐµÑĢ Ð²",
      "ĠÐ¼ Ð°ÑĪ",
      "ĠÐ² Ð´",
      "Ðµ ÑĦ",
      "Ð°Ñı ÑģÑĮ",
      "Ð¸Ð½ Ðµ",
      "ÐĿ Ñĥ",
      "ĠÐ ĸ",
      "Ð°Ð² Ð½Ð¾",
      "ĠÑģ Ð¾Ñģ",
      "ĠÐ¸ Ñģ",
      "ĠÑĩ Ð°Ñģ",
      "ĠÐ¿ Ð¾Ð³",
      "ÑĢÐ° ÑĪ",
      "ĠÐĴ Ñĭ",
      "Ð½Ñĥ ÑĤÑĮ",
      "ÑģÐº Ð°Ð·",
      "ĠÐ¢ Ð°Ðº",
      "ĠÐŁ ÑĢ",
      "ĠÑģ ÑĤÐ¾ÑĢÐ¾Ð½",
      "ĠÐ½ ÐµÐ¹",
      "ÐµÑĢ Ð²",
      "ĠÐ±Ð¾Ð»ÑĮ ÑĪÐµ",
      "ÑģÐºÐ¸ Ð¹",
      "Ð¾Ð¶ Ð½Ð¾",
      "Ñĥ Ð»",
      "ĠÑģ Ð½",
      "ÐµÐ½ Ð°",
      "Ð¸ ÐºÐ°",
      "ĠÑĢ Ð¾Ð´",
      "ĠÐ´ Ð¾Ð»Ð¶",
      "ĠÐ½ ÐµÐ²",
      "ÑĢÐ°Ð· Ñĥ"
    ]
  }
}